<?xml version="1.0" encoding="UTF-8"?>
	<!--
		Licensed to the Apache Software Foundation (ASF) under one or more
		contributor license agreements. See the NOTICE file distributed with
		this work for additional information regarding copyright ownership.
		The ASF licenses this file to You under the Apache License, Version
		2.0 (the "License"); you may not use this file except in compliance
		with the License. You may obtain a copy of the License at

		http://www.apache.org/licenses/LICENSE-2.0 Unless required by
		applicable law or agreed to in writing, software distributed under the
		License is distributed on an "AS IS" BASIS, WITHOUT WARRANTIES OR
		CONDITIONS OF ANY KIND, either express or implied. See the License for
		the specific language governing permissions and limitations under the
		License.
	-->
<beans xmlns="http://www.springframework.org/schema/beans"
      xmlns:xsi="http://www.w3.org/2001/XMLSchema-instance"
      xmlns:jaxws="http://cxf.apache.org/jaxws"
      xmlns:soap="http://cxf.apache.org/bindings/soap"
	  xmlns:os-core="http://www.openspaces.org/schema/core"
      xmlns:os-events="http://www.openspaces.org/schema/events"
      xmlns:os-remoting="http://www.openspaces.org/schema/remoting"
      xsi:schemaLocation="
	   http://www.springframework.org/schema/beans http://www.springframework.org/schema/beans/spring-beans.xsd
	   http://cxf.apache.org/bindings/soap http://cxf.apache.org/schemas/configuration/soap.xsd
       http://www.springframework.org/schema/context http://www.springframework.org/schema/context/spring-context.xsd
       http://www.openspaces.org/schema/core http://www.openspaces.org/schema/8.0/core/openspaces-core.xsd
       http://www.openspaces.org/schema/events http://www.openspaces.org/schema/8.0/events/openspaces-events.xsd
       http://www.openspaces.org/schema/remoting http://www.openspaces.org/schema/8.0/remoting/openspaces-remoting.xsd
	   http://cxf.apache.org/jaxws http://cxf.apache.org/schemas/jaxws.xsd">

	<bean id="service" class="com.example.customerservice.server.CustomerServiceImpl" />

	<os-core:giga-space-context/>
    <os-core:space id="space" url="/./webServiceSpace">
    </os-core:space>
	<os-core:giga-space id="gigaSpace" space="space"/>

	<!-- HTTP Endpoint -->
	<jaxws:endpoint xmlns:customer="http://customerservice.example.com/"
		id="CustomerServiceHTTP" 
		address="http://localhost:8080/CustomerServicePort/services/CustomerServicePort"
		serviceName="customer:CustomerServiceService" 
		endpointName="customer:CustomerServiceEndpoint"
		implementor="#service"
		implementorClass="com.example.customerservice.server.CustomerServiceImpl">
		<jaxws:features>
			<bean class="org.apache.cxf.feature.LoggingFeature" />
		</jaxws:features>
	</jaxws:endpoint>

</beans>
